<!--
  ~ Copyright (c) 2010 Tonic Solutions LLC.
  ~
  ~ http://www.nimbits.com
  ~
  ~
  ~ Licensed under the GNU GENERAL PUBLIC LICENSE, Version 3.0 (the "License"); you may not use this file except in compliance with the License. You may obtain a copy of the License at
  ~
  ~ http://www.gnu.org/licenses/gpl.html
  ~
  ~ Unless required by applicable law or agreed to in writing, software distributed under the license is distributed on an "AS IS" BASIS, WITHOUT WARRANTIES OR CONDITIONS OF ANY KIND, either express or implied. See the License for the specific language governing permissions and limitations under the License.
  -->

<!DOCTYPE module PUBLIC "-//Google Inc.//DTD Google Web Toolkit 2.0//EN"
        "http://google-web-toolkit.googlecode.com/svn/releases/2.0/distro-source/core/src/gwt-module.dtd">
<module rename-to="nimbits">


    <entry-point class='com.nimbits.client.nimbits'/>

    <inherits name='org.vectomatic.libgwtsvg'/>
    <inherits name="com.google.gwt.resources.Resources"/>
    <inherits name='com.google.gwt.user.User'/>
    cc
    <inherits name='com.google.gwt.user.theme.standard.Standard'/>
    <inherits name='com.extjs.gxt.charts.Chart'/>
    <inherits name='com.google.gwt.visualization.Visualization'/>
    <inherits name="com.google.gwt.json.JSON"/>
    <inherits name='com.extjs.gxt.ui.GXT'/>
    <inherits name="com.nimbits.NimbitsModel"/>
    <inherits name="org.vectomatic.libgwtsvg"/>
    <inherits name="com.extjs.gxt.themes.Themes"/>

    <source path='client'/>
    <source path='shared'/>


</module>