<?xml version="1.0" encoding="utf-8"?>
<!--
  ~ Copyright (c) 2010 Tonic Solutions LLC.
  ~
  ~ http://www.nimbits.com
  ~
  ~
  ~ Licensed under the GNU GENERAL PUBLIC LICENSE, Version 3.0 (the "License"); you may not use this file except in compliance with the License. You may obtain a copy of the License at
  ~
  ~ http://www.gnu.org/licenses/gpl.html
  ~
  ~ Unless required by applicable law or agreed to in writing, software distributed under the license is distributed on an "AS IS" BASIS, WITHOUT WARRANTIES OR CONDITIONS OF ANY KIND, either express or implied. See the License for the specific language governing permissions and limitations under the License.
  -->

<!--- please change the version and app name below to match your app engine configuration -->
<appengine-web-app xmlns="http://appengine.google.com/ns/1.0">

    <!--<async-session-persistence enabled="true"/>-->
    <application>nimbits1</application>
    <version>246</version>
    <sessions-enabled>true</sessions-enabled>
    <inbound-services>
        <service>mail</service>
        <service>xmpp_message</service>

    </inbound-services>
</appengine-web-app>
